Age,Date,Type,Total ,Unlinked,Not vaccinated,Received one dose 1-20 days before specimen date,"Received one dose, 21 days or more before specimen date",Second dose 14 days or more before specimen date,Rates per 100k among persons with 2 doses,Rates per 100k among persons not vaccinated (NIMS denominator)
Under 18 ,wk 32-35,Cases,"167,832","15,901","141,676","8,132","1,366",757,476,"1,192.90"
18-29 ,wk 32-35,Cases,"176,392","19,529","53,187","4,598","66,545","32,533",711.1,"1,520.80"
30-39 ,wk 32-35,Cases,"113,373","12,452","33,986","1,497","22,434","43,004",782.2,"1,143.90"
40-49 ,wk 32-35,Cases,"97,881","8,930","15,106",496,"6,000","67,349","1,116.20",880.4
50-59 ,wk 32-35,Cases,"84,488","6,868","7,552",168,"2,248","67,652",962,729.7
60-69 ,wk 32-35,Cases,"45,252","3,657","2,650",54,772,"38,119",672.3,487.5
70-79 ,wk 32-35,Cases,"25,499","2,034",910,12,273,"22,270",480.5,367.5
80+ ,wk 32-35,Cases,"12,011","1,124",545,9,246,"10,087",391.1,427.4
Under 18 ,wk 32-35,Admissions,438,25,404,8,1,0,0,3.4
18-29 ,wk 32-35,Admissions,584,14,387,17,86,80,1.7,11.1
30-39 ,wk 32-35,Admissions,733,16,516,16,67,118,2.1,17.4
40-49 ,wk 32-35,Admissions,783,14,497,17,35,220,3.6,29
50-59 ,wk 32-35,Admissions,877,10,421,11,29,406,5.8,40.7
60-69 ,wk 32-35,Admissions,946,7,328,7,33,571,10.1,60.3
70-79 ,wk 32-35,Admissions,"1,098",3,194,2,26,873,18.8,78.3
80+ ,wk 32-35,Admissions,"1,146",1,144,1,35,965,37.4,112.9
Under 18 ,wk 32-35,Death 28 days,3,0,3,0,0,0,0,0
18-29 ,wk 32-35,Death 28 days,18,1,13,0,1,3,0.1,0.4
30-39 ,wk 32-35,Death 28 days,45,2,31,0,4,8,0.1,1
40-49 ,wk 32-35,Death 28 days,93,3,54,0,9,27,0.4,3.1
50-59 ,wk 32-35,Death 28 days,191,3,100,0,17,71,1,9.7
60-69 ,wk 32-35,Death 28 days,332,7,115,2,14,194,3.4,21.2
70-79 ,wk 32-35,Death 28 days,580,2,129,1,20,428,9.2,52.1
80+ ,wk 32-35,Death 28 days,"1,119",7,155,3,26,928,36,121.5
Under 18 ,wk 32-35,Death 60 days,3,0,3,0,0,0,0,0
18-29 ,wk 32-35,Death 60 days,24,1,15,1,3,4,0.1,0.4
30-39 ,wk 32-35,Death 60 days,58,2,39,0,5,12,0.2,1.3
40-49 ,wk 32-35,Death 60 days,119,3,67,0,14,35,0.6,3.9
50-59 ,wk 32-35,Death 60 days,234,3,122,0,19,90,1.3,11.8
60-69 ,wk 32-35,Death 60 days,401,8,146,2,18,227,4,26.9
70-79 ,wk 32-35,Death 60 days,653,3,141,1,22,486,10.5,56.9
80+ ,wk 32-35,Death 60 days,"1,266",7,165,3,39,"1,052",40.8,129.4
Under 18 ,wk 33-36,Cases,"190,863","16,825","161,418","9,812","1,999",809,458.2,"1,362.30"
18-29 ,wk 33-36,Cases,"145,087","15,923","44,455","3,280","50,338","31,091",633.3,"1,284.90"
30-39 ,wk 33-36,Cases,"105,839","11,081","31,577","1,225","17,273","44,683",795.9,"1,069.80"
40-49 ,wk 33-36,Cases,"98,990","8,593","14,570",426,"5,215","70,186","1,157.30",852.6
50-59 ,wk 33-36,Cases,"84,468","6,559","7,215",145,"2,080","68,469",972.1,699.2
60-69 ,wk 33-36,Cases,"46,557","3,462","2,592",51,766,"39,686",699.5,477.7
70-79 ,wk 33-36,Cases,"26,937","2,012",918,8,260,"23,739",512.3,371.1
80+ ,wk 33-36,Cases,"12,563","1,142",540,9,256,"10,616",412.3,424.5
Under 18 ,wk 33-36,Admissions,539,29,494,13,3,0,0,4.2
18-29 ,wk 33-36,Admissions,635,19,414,17,86,99,2,12
30-39 ,wk 33-36,Admissions,848,17,608,14,66,143,2.5,20.6
40-49 ,wk 33-36,Admissions,903,26,551,10,50,266,4.4,32.2
50-59 ,wk 33-36,Admissions,"1,147",12,533,6,41,555,7.9,51.7
60-69 ,wk 33-36,Admissions,"1,239",14,403,7,50,765,13.5,74.3
70-79 ,wk 33-36,Admissions,"1,517",2,239,3,25,"1,248",26.9,96.6
80+ ,wk 33-36,Admissions,"1,528",2,183,1,42,"1,300",50.5,143.9
Under 18 ,wk 33-36,Death 60 days,5,1,4,0,0,0,0,0
18-29 ,wk 33-36,Death 60 days,26,0,16,1,4,5,0.1,0.5
30-39 ,wk 33-36,Death 60 days,63,2,44,0,4,13,0.2,1.5
40-49 ,wk 33-36,Death 60 days,149,3,93,0,14,39,0.6,5.4
50-59 ,wk 33-36,Death 60 days,294,5,151,0,17,121,1.7,14.6
60-69 ,wk 33-36,Death 60 days,474,10,171,1,22,270,4.8,31.5
70-79 ,wk 33-36,Death 60 days,841,2,173,0,33,633,13.7,69.9
80+ ,wk 33-36,Death 60 days,"1,604",7,198,4,46,"1,349",52.4,155.7
Under 18 ,wk 33-36,Death 28 days,4,1,3,0,0,0,0,0
18-29 ,wk 33-36,Death 28 days,18,0,13,0,1,4,0.1,0.4
30-39 ,wk 33-36,Death 28 days,50,2,36,0,3,9,0.2,1.2
40-49 ,wk 33-36,Death 28 days,114,3,75,0,7,29,0.5,4.4
50-59 ,wk 33-36,Death 28 days,240,5,126,0,16,93,1.3,12.2
60-69 ,wk 33-36,Death 28 days,391,9,132,1,18,231,4.1,24.3
70-79 ,wk 33-36,Death 28 days,742,2,156,0,28,556,12,63.1
80+ ,wk 33-36,Death 28 days,"1,402",7,185,4,34,"1,172",45.5,145.4
Under 18 ,wk 34-37,Cases,"219,031","17,862","188,468","9,288","2,740",673,349.5,"1,592.20"
18-29 ,wk 34-37,Cases,"109,093","12,556","35,776","2,221","31,099","27,441",533.5,"1,041.70"
30-39 ,wk 34-37,Cases,"95,772","9,698","27,959",982,"12,940","44,193",775.2,952.9
40-49 ,wk 34-37,Cases,"96,254","7,930","13,395",349,"4,439","70,141","1,151.20",787.1
50-59 ,wk 34-37,Cases,"78,706","5,897","6,527",115,"1,811","64,356",912.3,634.4
60-69 ,wk 34-37,Cases,"43,850","3,228","2,341",35,711,"37,535",661.2,432.1
70-79 ,wk 34-37,Cases,"25,712","1,798",889,7,222,"22,796",492,359.8
80+ ,wk 34-37,Cases,"12,164","1,077",490,7,221,"10,369",403.4,386.1
Under 18 ,wk 34-37,Admissions,511,18,478,12,3,0,0,4
18-29 ,wk 34-37,Admissions,523,15,348,12,70,78,1.5,10.1
30-39 ,wk 34-37,Admissions,809,19,582,13,51,144,2.5,19.8
40-49 ,wk 34-37,Admissions,823,20,473,5,53,272,4.5,27.8
50-59 ,wk 34-37,Admissions,"1,174",9,530,4,47,584,8.3,51.5
60-69 ,wk 34-37,Admissions,"1,251",11,402,5,43,790,13.9,74.2
70-79 ,wk 34-37,Admissions,"1,554",2,228,3,24,"1,297",28,92.3
80+ ,wk 34-37,Admissions,"1,610",1,179,1,37,"1,392",54.2,141.1
Under 18 ,wk 34-37,Death 28 days,6,2,4,0,0,0,0,0
18-29 ,wk 34-37,Death 28 days,17,0,12,0,0,5,0.1,0.3
30-39 ,wk 34-37,Death 28 days,48,2,35,0,1,10,0.2,1.2
40-49 ,wk 34-37,Death 28 days,104,3,64,0,7,30,0.5,3.8
50-59 ,wk 34-37,Death 28 days,250,7,128,0,13,102,1.4,12.4
60-69 ,wk 34-37,Death 28 days,411,8,125,0,20,258,4.5,23.1
70-79 ,wk 34-37,Death 28 days,801,3,164,0,27,607,13.1,66.4
80+ ,wk 34-37,Death 28 days,"1,521",8,198,1,42,"1,272",49.5,156
Under 18 ,wk 34-37,Death 60 days,7,2,5,0,0,0,0,0
18-29 ,wk 34-37,Death 60 days,24,0,15,1,2,6,0.1,0.4
30-39 ,wk 34-37,Death 60 days,63,2,42,0,3,16,0.3,1.4
40-49 ,wk 34-37,Death 60 days,140,3,81,0,13,43,0.7,4.8
50-59 ,wk 34-37,Death 60 days,311,8,156,0,16,131,1.9,15.2
60-69 ,wk 34-37,Death 60 days,516,10,170,0,25,311,5.5,31.4
70-79 ,wk 34-37,Death 60 days,927,4,185,0,33,705,15.2,74.9
80+ ,wk 34-37,Death 60 days,"1,745",8,211,1,53,"1,472",57.3,166.3
Under 18 ,wk 35-38,Cases,"273,685","20,290","240,077","8,217","4,419",682,330.4,"2,032.00"
18-29 ,wk 35-38,Cases,"87,622","10,336","29,488","1,652","20,962","25,184",475.6,863
30-39 ,wk 35-38,Cases,"89,030","8,575","24,770",826,"9,888","44,971",780.1,848.9
40-49 ,wk 35-38,Cases,"99,159","7,350","12,536",307,"4,009","74,957","1,225.50",739.5
50-59 ,wk 35-38,Cases,"74,397","5,227","5,874",96,"1,602","61,598",872.1,572.4
60-69 ,wk 35-38,Cases,"40,346","2,887","2,028",28,629,"34,774",612.3,374.9
70-79 ,wk 35-38,Cases,"23,835","1,584",783,7,212,"21,249",458.7,317.3
80+ ,wk 35-38,Cases,"11,415",988,446,4,212,"9,765",380.1,352.5
Under 18 ,wk 35-38,Admissions,525,14,487,20,4,0,0,4.1
18-29 ,wk 35-38,Admissions,471,10,315,7,61,78,1.5,9.2
30-39 ,wk 35-38,Admissions,700,14,503,8,39,136,2.4,17.2
40-49 ,wk 35-38,Admissions,806,17,432,8,51,298,4.9,25.5
50-59 ,wk 35-38,Admissions,"1,082",7,462,4,46,563,8,45
60-69 ,wk 35-38,Admissions,"1,139",8,345,4,39,743,13.1,63.8
70-79 ,wk 35-38,Admissions,"1,454",2,217,3,27,"1,205",26,87.9
80+ ,wk 35-38,Admissions,"1,552",1,161,0,35,"1,355",52.7,127.3
Under 18 ,wk 35-38,Death 28 days,6,2,4,0,0,0,0,0
18-29 ,wk 35-38,Death 28 days,20,1,15,0,0,4,0.1,0.4
30-39 ,wk 35-38,Death 28 days,42,1,30,0,0,11,0.2,1
40-49 ,wk 35-38,Death 28 days,92,3,52,0,7,30,0.5,3.1
50-59 ,wk 35-38,Death 28 days,251,5,125,0,12,109,1.5,12.2
60-69 ,wk 35-38,Death 28 days,419,4,121,0,21,273,4.8,22.4
70-79 ,wk 35-38,Death 28 days,804,4,151,0,26,623,13.4,61.2
80+ ,wk 35-38,Death 28 days,"1,531",10,189,1,43,"1,288",50.1,149.4
Under 18 ,wk 35-38,Death 60 days,8,3,5,0,0,0,0,0
18-29 ,wk 35-38,Death 60 days,26,1,18,0,2,5,0.1,0.5
30-39 ,wk 35-38,Death 60 days,52,1,34,0,2,15,0.3,1.2
40-49 ,wk 35-38,Death 60 days,133,3,76,0,12,42,0.7,4.5
50-59 ,wk 35-38,Death 60 days,323,6,161,0,15,141,2,15.7
60-69 ,wk 35-38,Death 60 days,519,7,156,0,28,328,5.8,28.8
70-79 ,wk 35-38,Death 60 days,937,5,168,0,32,732,15.8,68.1
80+ ,wk 35-38,Death 60 days,"1,772",10,202,1,54,"1,505",58.6,159.7
Under 18 ,wk 36-39,Cases,"305,428","20,967","272,981","4,973","5,898",609,278.8,"2,325.70"
18-29 ,wk 36-39,Cases,"67,820","8,556","23,440","1,119","12,593","22,112",409.6,688.1
30-39 ,wk 36-39,Cases,"81,532","7,534","21,449",690,"7,468","44,391",763.6,738.4
40-49 ,wk 36-39,Cases,"101,094","6,839","11,662",297,"3,653","78,643","1,281.80",690.2
50-59 ,wk 36-39,Cases,"70,731","4,668","5,144",89,"1,464","59,366",839.5,502.5
60-69 ,wk 36-39,Cases,"36,953","2,585","1,798",26,546,"31,998",563.1,332.9
70-79 ,wk 36-39,Cases,"22,142","1,367",693,6,207,"19,869",428.9,281.4
80+ ,wk 36-39,Cases,"10,581",869,403,4,199,"9,106",354.4,319.5
Under 18 ,wk 36-39,Admissions,486,20,455,3,7,1,0.5,3.9
18-29 ,wk 36-39,Admissions,348,6,241,6,35,60,1.1,7.1
30-39 ,wk 36-39,Admissions,588,15,396,5,46,126,2.2,13.6
40-49 ,wk 36-39,Admissions,769,15,388,9,46,311,5.1,23
50-59 ,wk 36-39,Admissions,870,6,359,3,36,466,6.6,35.1
60-69 ,wk 36-39,Admissions,963,8,274,4,29,648,11.4,50.7
70-79 ,wk 36-39,Admissions,"1,246",2,173,2,30,"1,039",22.4,70.2
80+ ,wk 36-39,Admissions,"1,421",2,125,1,34,"1,259",49,99.1
Under 18 ,wk 36-39,Death 28 days,6,3,2,1,0,0,0,0
18-29 ,wk 36-39,Death 28 days,18,1,12,0,0,5,0.1,0.4
30-39 ,wk 36-39,Death 28 days,38,2,29,0,0,7,0.1,1
40-49 ,wk 36-39,Death 28 days,77,3,46,0,5,23,0.4,2.7
50-59 ,wk 36-39,Death 28 days,238,6,113,1,12,106,1.5,11
60-69 ,wk 36-39,Death 28 days,414,7,114,0,22,271,4.8,21.1
70-79 ,wk 36-39,Death 28 days,786,3,127,0,22,634,13.7,51.6
80+ ,wk 36-39,Death 28 days,"1,449",8,168,1,37,"1,235",48.1,133.2
Under 18 ,wk 36-39,Death 60 days,8,4,3,1,0,0,0,0
18-29 ,wk 36-39,Death 60 days,25,1,16,0,1,7,0.1,0.5
30-39 ,wk 36-39,Death 60 days,49,3,34,0,1,11,0.2,1.2
40-49 ,wk 36-39,Death 60 days,116,3,73,0,8,32,0.5,4.3
50-59 ,wk 36-39,Death 60 days,305,7,146,1,15,136,1.9,14.3
60-69 ,wk 36-39,Death 60 days,519,9,150,0,28,332,5.8,27.8
70-79 ,wk 36-39,Death 60 days,938,4,147,0,29,758,16.4,59.7
80+ ,wk 36-39,Death 60 days,"1,711",8,183,1,45,"1,474",57.4,145.1
Under 18 ,wk 37-40,Cases,"348,514","22,301","311,199","6,396","7,964",654,276.5,"2,670.70"
18-29 ,wk 37-40,Cases,"60,057","7,683","20,547",837,"8,937","22,053",402.6,605
30-39 ,wk 37-40,Cases,"83,007","7,138","20,532",626,"6,479","48,232",823.9,709.8
40-49 ,wk 37-40,Cases,"111,896","6,778","11,729",292,"3,551","89,546","1,455.80",696.2
50-59 ,wk 37-40,Cases,"74,981","4,506","4,998",85,"1,463","63,929",903.1,489.3
60-69 ,wk 37-40,Cases,"38,184","2,455","1,694",24,525,"33,486",589,314.1
70-79 ,wk 37-40,Cases,"23,109","1,363",622,7,201,"20,916",451.5,253
80+ ,wk 37-40,Cases,"10,770",839,375,7,184,"9,365",364.6,298.5
Under 18 ,wk 37-40,Admissions,408,11,386,3,7,1,0.4,3.3
18-29 ,wk 37-40,Admissions,268,5,186,5,24,48,0.9,5.5
30-39 ,wk 37-40,Admissions,465,13,293,1,37,121,2.1,10.1
40-49 ,wk 37-40,Admissions,647,8,317,9,32,281,4.6,18.8
50-59 ,wk 37-40,Admissions,659,3,263,1,22,370,5.2,25.7
60-69 ,wk 37-40,Admissions,688,8,177,3,23,477,8.4,32.8
70-79 ,wk 37-40,Admissions,934,0,126,2,27,779,16.8,51.2
80+ ,wk 37-40,Admissions,"1,079",0,94,1,27,957,37.3,74.8
Under 18 ,wk 37-40,Death 28 days,4,0,3,1,0,0,0,0
18-29 ,wk 37-40,Death 28 days,19,1,12,0,0,6,0.1,0.4
30-39 ,wk 37-40,Death 28 days,29,1,22,0,0,6,0.1,0.8
40-49 ,wk 37-40,Death 28 days,64,1,33,0,3,27,0.4,2
50-59 ,wk 37-40,Death 28 days,203,3,101,1,10,88,1.2,9.9
60-69 ,wk 37-40,Death 28 days,378,6,109,0,22,241,4.2,20.2
70-79 ,wk 37-40,Death 28 days,726,2,116,0,19,589,12.7,47.2
80+ ,wk 37-40,Death 28 days,"1,382",6,161,0,36,"1,179",45.9,128.1
Under 18 ,wk 37-40,Death 60 days,6,1,4,1,0,0,0,0
18-29 ,wk 37-40,Death 60 days,26,1,16,0,1,8,0.1,0.5
30-39 ,wk 37-40,Death 60 days,41,2,27,0,1,11,0.2,0.9
40-49 ,wk 37-40,Death 60 days,105,3,59,0,7,36,0.6,3.5
50-59 ,wk 37-40,Death 60 days,273,4,131,1,15,122,1.7,12.8
60-69 ,wk 37-40,Death 60 days,490,8,144,0,28,310,5.5,26.7
70-79 ,wk 37-40,Death 60 days,902,4,139,0,26,733,15.8,56.5
80+ ,wk 37-40,Death 60 days,"1,680",6,181,0,46,"1,447",56.3,144.1
Under 18 ,wk 38-41,Cases,"397,882","24,292","351,148","10,698","11,001",743,314.1,"3,013.60"
18-29 ,wk 38-41,Cases,"62,885","7,512","20,902",758,"8,404","25,309",462.1,615.4
30-39 ,wk 38-41,Cases,"92,257","7,346","21,726",636,"6,545","56,004",956.7,751.1
40-49 ,wk 38-41,Cases,"130,904","7,297","13,022",293,"3,800","106,492","1,731.30",772.9
50-59 ,wk 38-41,Cases,"88,020","4,790","5,399",80,"1,632","76,119","1,075.30",528.6
60-69 ,wk 38-41,Cases,"45,155","2,614","1,872",24,617,"40,028",704.1,347.1
70-79 ,wk 38-41,Cases,"27,360","1,559",658,12,215,"24,916",537.9,267.6
80+ ,wk 38-41,Cases,"11,907",854,382,7,215,"10,449",406.8,304.1
Under 18 ,wk 38-41,Admissions,601,20,560,9,10,2,0.8,4.8
18-29 ,wk 38-41,Admissions,300,6,199,3,23,69,1.3,5.9
30-39 ,wk 38-41,Admissions,631,7,388,2,45,189,3.2,13.4
40-49 ,wk 38-41,Admissions,914,11,461,6,38,398,6.5,27.4
50-59 ,wk 38-41,Admissions,993,11,385,1,44,552,7.8,37.7
60-69 ,wk 38-41,Admissions,"1,023",9,240,5,40,729,12.8,44.5
70-79 ,wk 38-41,Admissions,"1,377",1,167,3,32,"1,174",25.3,67.9
80+ ,wk 38-41,Admissions,"1,553",2,134,1,43,"1,373",53.4,106.7
Under 18 ,wk 38-41,Death 28 days,5,0,4,1,0,0,0,0
18-29 ,wk 38-41,Death 28 days,17,1,11,0,0,5,0.1,0.3
30-39 ,wk 38-41,Death 28 days,24,1,20,0,0,3,0.1,0.7
40-49 ,wk 38-41,Death 28 days,64,1,34,0,1,28,0.5,2
50-59 ,wk 38-41,Death 28 days,184,3,83,1,9,88,1.2,8.1
60-69 ,wk 38-41,Death 28 days,367,4,105,0,20,238,4.2,19.5
70-79 ,wk 38-41,Death 28 days,719,3,98,0,19,599,12.9,39.9
80+ ,wk 38-41,Death 28 days,"1,365",6,147,0,37,"1,175",45.7,117
Under 18 ,wk 38-41,Death 60 days,6,1,4,1,0,0,0,0
18-29 ,wk 38-41,Death 60 days,25,1,15,0,0,9,0.2,0.4
30-39 ,wk 38-41,Death 60 days,38,2,26,0,2,8,0.1,0.9
40-49 ,wk 38-41,Death 60 days,101,3,59,0,5,34,0.6,3.5
50-59 ,wk 38-41,Death 60 days,253,3,112,1,13,124,1.8,11
60-69 ,wk 38-41,Death 60 days,477,5,140,0,26,306,5.4,26
70-79 ,wk 38-41,Death 60 days,879,5,121,0,23,730,15.8,49.2
80+ ,wk 38-41,Death 60 days,"1,682",6,169,0,50,"1,457",56.7,134.5
Under 18 ,wk 39-42,Cases,"411,079","24,798","355,008","16,640","13,812",821,586.2,"3,149.60"
18-29 ,wk 39-42,Cases,"68,780","7,713","22,436",686,"8,532","29,413",532.9,674
30-39 ,wk 39-42,Cases,"102,344","7,858","23,748",645,"6,856","63,237","1,071.80",817.7
40-49 ,wk 39-42,Cases,"145,641","7,989","14,336",291,"3,962","119,063","1,936.20",834.9
50-59 ,wk 39-42,Cases,"102,009","5,330","6,091",81,"1,767","88,740","1,248.70",586.1
60-69 ,wk 39-42,Cases,"54,020","2,968","2,167",22,702,"48,161",836.6,391.2
70-79 ,wk 39-42,Cases,"32,909","1,822",794,14,254,"30,025",635.4,312.2
80+ ,wk 39-42,Cases,"13,231",936,434,7,219,"11,635",432.5,333.8
Under 18 ,wk 39-42,Admissions,633,17,592,12,11,1,0.7,5.3
18-29 ,wk 39-42,Admissions,324,8,212,2,28,74,1.3,6.4
30-39 ,wk 39-42,Admissions,708,10,446,2,47,203,3.4,15.4
40-49 ,wk 39-42,Admissions,991,14,495,5,40,437,7.1,28.8
50-59 ,wk 39-42,Admissions,"1,139",13,447,1,46,632,8.9,43
60-69 ,wk 39-42,Admissions,"1,177",12,288,3,33,841,14.6,52
70-79 ,wk 39-42,Admissions,"1,642",1,195,3,34,"1,409",29.8,76.7
80+ ,wk 39-42,Admissions,"1,724",2,157,0,38,"1,527",56.8,120.8
Under 18 ,wk 39-42,Death 28 days,5,0,4,1,0,0,0,0
18-29 ,wk 39-42,Death 28 days,11,1,7,0,0,3,0.1,0.2
30-39 ,wk 39-42,Death 28 days,25,0,18,0,1,6,0.1,0.6
40-49 ,wk 39-42,Death 28 days,65,1,35,0,1,28,0.5,2
50-59 ,wk 39-42,Death 28 days,159,3,74,0,5,77,1.1,7.1
60-69 ,wk 39-42,Death 28 days,374,3,105,0,16,250,4.3,19
70-79 ,wk 39-42,Death 28 days,736,2,101,0,21,612,13,39.7
80+ ,wk 39-42,Death 28 days,"1,397",5,143,0,40,"1,209",44.9,110
Under 18 ,wk 39-42,Death 60 days,5,0,4,1,0,0,0,0
18-29 ,wk 39-42,Death 60 days,19,1,11,0,0,7,0.1,0.3
30-39 ,wk 39-42,Death 60 days,42,1,27,0,2,12,0.2,0.9
40-49 ,wk 39-42,Death 60 days,100,3,55,0,6,36,0.6,3.2
50-59 ,wk 39-42,Death 60 days,224,3,100,0,9,112,1.6,9.6
60-69 ,wk 39-42,Death 60 days,490,4,143,0,23,320,5.6,25.8
70-79 ,wk 39-42,Death 60 days,904,4,121,0,27,752,15.9,47.6
80+ ,wk 39-42,Death 60 days,"1,717",5,167,0,53,"1,492",55.5,128.5
Under 18 ,wk 40-43,Cases,"397,484","23,778","336,893","20,041","15,954",818,345.8,"2,891.20"
18-29 ,wk 40-43,Cases,"75,211","7,955","24,097",701,"8,809","33,649",614.4,709.5
30-39 ,wk 40-43,Cases,"113,717","8,476","25,832",665,"7,252","71,492","1,221.30",893
40-49 ,wk 40-43,Cases,"159,478","8,580","15,717",291,"4,204","130,686","2,124.60",932.9
50-59 ,wk 40-43,Cases,"114,282","5,853","6,701",81,"1,925","99,722","1,408.80",656.1
60-69 ,wk 40-43,Cases,"63,474","3,353","2,484",23,835,"56,779",998.8,460.5
70-79 ,wk 40-43,Cases,"37,535","2,037",917,16,260,"34,305",740.6,372.9
80+ ,wk 40-43,Cases,"14,043","1,002",471,7,224,"12,339",480.3,374.9
Under 18 ,wk 40-43,Admissions,581,20,539,12,9,1,0.4,4.6
18-29 ,wk 40-43,Admissions,323,7,212,3,30,71,1.3,6.2
30-39 ,wk 40-43,Admissions,665,9,425,5,37,189,3.2,14.7
40-49 ,wk 40-43,Admissions,1006,16,472,5,45,468,7.6,28
50-59 ,wk 40-43,Admissions,1233,18,474,1,51,689,9.7,46.4
60-69 ,wk 40-43,Admissions,1308,7,318,2,29,952,16.7,59
70-79 ,wk 40-43,Admissions,1802,5,198,3,32,1564,33.8,80.5
80+ ,wk 40-43,Admissions,1804,3,168,0,33,1600,62.3,133.7
Under 18 ,wk 40-43,Death 28 days,6,0,6,0,0,0,0,0
18-29 ,wk 40-43,Death 28 days,9,0,7,0,0,2,0,0.1
30-39 ,wk 40-43,Death 28 days,25,1,17,0,2,5,0.1,0.2
40-49 ,wk 40-43,Death 28 days,73,1,37,0,1,34,0.6,0.7
50-59 ,wk 40-43,Death 28 days,179,4,81,0,5,89,1.3,1.8
60-69 ,wk 40-43,Death 28 days,420,3,118,0,14,285,5,6.2
70-79 ,wk 40-43,Death 28 days,809,2,115,0,18,674,14.6,17.7
80+ ,wk 40-43,Death 28 days,1564,4,157,0,45,1358,52.9,64.2
Under 18 ,wk 40-43,Death 60 days,8,0,7,0,1,0,0,0.1
18-29 ,wk 40-43,Death 60 days,14,0,9,0,0,5,0.1,0.3
30-39 ,wk 40-43,Death 60 days,38,2,24,0,3,9,0.1,0.8
40-49 ,wk 40-43,Death 60 days,110,2,56,0,6,46,0.3,3.3
50-59 ,wk 40-43,Death 60 days,241,4,104,0,7,126,0.2,10.2
60-69 ,wk 40-43,Death 60 days,535,3,157,0,20,355,0.8,29.1
70-79 ,wk 40-43,Death 60 days,980,4,131,0,23,822,0.7,53.3
80+ ,wk 40-43,Death 60 days,1897,4,181,1,63,1648,3.3,144.1
Under 18 ,wk 41-44,Cases,"357,480","21,567","298,507","19,466","17,134",806,575.5,"2,648.30"
18-29 ,wk 41-44,Cases,"80,338","8,245","25,567",713,"9,031","36,782",666.5,768.1
30-39 ,wk 41-44,Cases,"118,564","8,793","26,841",658,"7,322","74,950","1,270.40",924.2
40-49 ,wk 41-44,Cases,"158,906","8,666","16,020",269,"4,130","129,821","2,111.10",933
50-59 ,wk 41-44,Cases,"117,264","5,952","6,922",91,"1,933","102,366","1,440.50",666
60-69 ,wk 41-44,Cases,"67,392","3,484","2,646",33,878,"60,351","1,048.40",477.7
70-79 ,wk 41-44,Cases,"37,675","2,049","1,006",19,273,"34,328",726.5,395.5
80+ ,wk 41-44,Cases,"13,218",912,514,6,198,"11,588",430.8,395.4
Under 18 ,wk 41-44,Admissions,631,13,591,13,12,2,1.4,5.2
18-29 ,wk 41-44,Admissions,381,7,259,6,29,80,1.4,7.8
30-39 ,wk 41-44,Admissions,805,7,501,10,47,240,4.1,17.3
40-49 ,wk 41-44,Admissions,"1,183",17,572,8,47,539,8.8,33.3
50-59 ,wk 41-44,Admissions,"1,465",18,565,1,48,833,11.7,54.4
60-69 ,wk 41-44,Admissions,"1,585",7,354,4,33,"1,187",20.6,63.9
70-79 ,wk 41-44,Admissions,"2,160",8,264,4,29,"1,855",39.3,103.8
80+ ,wk 41-44,Admissions,"1,969",3,207,1,33,"1,725",64.1,159.2
Under 18 ,wk 41-44,Death 28 days,8,1,7,0,0,0,0,0.1
18-29 ,wk 41-44,Death 28 days,9,0,8,0,0,1,0,0.2
30-39 ,wk 41-44,Death 28 days,34,1,21,0,2,10,0.2,0.7
40-49 ,wk 41-44,Death 28 days,82,2,40,0,2,38,0.6,2.3
50-59 ,wk 41-44,Death 28 days,196,5,84,0,5,102,1.4,8.1
60-69 ,wk 41-44,Death 28 days,482,3,124,0,16,339,5.9,22.4
70-79 ,wk 41-44,Death 28 days,924,4,140,0,15,765,16.2,55
80+ ,wk 41-44,Death 28 days,1695,5,163,0,50,1477,54.9,125.4
Under 18 ,wk 41-44,Death 60 days,11,1,9,0,1,0,0,0.1
18-29 ,wk 41-44,Death 60 days,12,0,9,0,0,3,0.1,0.3
30-39 ,wk 41-44,Death 60 days,46,1,29,0,3,13,0.2,1
40-49 ,wk 41-44,Death 60 days,112,3,53,0,7,49,0.8,3.1
50-59 ,wk 41-44,Death 60 days,256,5,107,0,6,138,1.9,10.3
60-69 ,wk 41-44,Death 60 days,594,3,160,0,20,411,7.1,28.9
70-79 ,wk 41-44,Death 60 days,"1,081",5,151,0,19,906,19.2,59.4
80+ ,wk 41-44,Death 60 days,"2,023",5,185,1,68,"1,764",65.6,142.3
Under 18 ,wk 42-45,Cases,"313,716","19,133","255,755","19,103","18,886",839,531.2,"2,301.20"
18-29 ,wk 42-45,Cases,"84,503","8,379","26,714",725,"8,937","39,748",713.2,805.2
30-39 ,wk 42-45,Cases,"122,367","8,981","27,457",646,"7,325","77,958","1,314.90",948.7
40-49 ,wk 42-45,Cases,"154,671","8,503","15,920",270,"4,042","125,936","2,043.50",929.5
50-59 ,wk 42-45,Cases,"117,722","5,890","7,152",98,"1,947","102,635","1,442.90",689.6
60-69 ,wk 42-45,Cases,"68,181","3,425","2,739",45,863,"61,109","1,061.10",495.4
70-79 ,wk 42-45,Cases,"34,455","1,891","1,067",14,251,"31,232",660.9,420.9
80+ ,wk 42-45,Cases,"11,863",838,540,11,176,"10,298",383.2,417.9
Under 18 ,wk 42-45,Admissions,553,14,508,15,16,0,0,4.6
18-29 ,wk 42-45,Admissions,398,8,278,6,28,78,1.4,8
30-39 ,wk 42-45,Admissions,807,7,489,10,56,245,4.1,16.9
40-49 ,wk 42-45,Admissions,"1,117",15,534,2,45,521,8.5,31.2
50-59 ,wk 42-45,Admissions,"1,497",13,550,2,51,881,12.4,53
60-69 ,wk 42-45,Admissions,"1,591",7,376,4,26,"1,178",20.5,68
70-79 ,wk 42-45,Admissions,"2,047",5,261,3,26,"1,752",37.1,103
80+ ,wk 42-45,Admissions,"1,821",2,204,1,36,"1,578",58.7,157.9
Under 18 ,wk 42-45,Death 28 days,11,1,10,0,0,0,0,0.1
18-29 ,wk 42-45,Death 28 days,12,0,9,0,2,1,0,0.3
30-39 ,wk 42-45,Death 28 days,40,1,25,0,4,10,0.2,0.9
40-49 ,wk 42-45,Death 28 days,91,3,44,0,3,41,0.7,2.6
50-59 ,wk 42-45,Death 28 days,232,5,102,0,9,116,1.6,9.8
60-69 ,wk 42-45,Death 28 days,548,4,151,0,20,373,6.5,27.3
70-79 ,wk 42-45,Death 28 days,991,7,153,0,16,815,17.2,60.4
80+ ,wk 42-45,Death 28 days,"1,751",5,181,3,43,"1,519",56.5,140.1
Under 18 ,wk 42-45,Death 60 days,14,1,12,0,1,0,0,0
18-29 ,wk 42-45,Death 60 days,13,0,9,0,2,2,0,0.3
30-39 ,wk 42-45,Death 60 days,51,1,32,0,4,14,0.2,1.1
40-49 ,wk 42-45,Death 60 days,120,3,55,0,6,56,0.9,3.2
50-59 ,wk 42-45,Death 60 days,286,5,123,0,11,147,2.1,11.9
60-69 ,wk 42-45,Death 60 days,661,5,185,0,21,450,7.8,33.5
70-79 ,wk 42-45,Death 60 days,"1,157",8,166,0,23,960,20.3,65.5
80+ ,wk 42-45,Death 60 days,"2,057",5,201,4,57,"1,790",66.6,155.5
Under 18 ,wk 43-46,Cases,"300,318","18,197","243,722","15,924","21,610",865,501.5,"2,229.00"
18-29 ,wk 43-46,Cases,"88,261","8,511","27,691",751,"8,728","42,580",757.1,837.6
30-39 ,wk 43-46,Cases,"126,626","9,113","27,889",610,"7,206","81,808","1,373.10",967
40-49 ,wk 43-46,Cases,"153,385","8,270","15,955",261,"3,963","124,936","2,022.90",933.8
50-59 ,wk 43-46,Cases,"116,218","5,679","7,211",106,"1,938","101,284","1,422.50",697
60-69 ,wk 43-46,Cases,"65,380","3,165","2,781",48,869,"58,517","1,015.60",504.1
70-79 ,wk 43-46,Cases,"28,282","1,543","1,067",11,226,"25,435",538.2,422.7
80+ ,wk 43-46,Cases,"9,979",669,527,15,162,"8,606",320.7,410
Under 18 ,wk 43-46,Admissions,516,17,467,14,17,1,0.6,4.3
18-29 ,wk 43-46,Admissions,412,7,279,7,21,98,1.7,8.4
30-39 ,wk 43-46,Admissions,784,8,462,9,59,246,4.1,16
40-49 ,wk 43-46,Admissions,"1,042",13,505,5,48,471,7.6,29.6
50-59 ,wk 43-46,Admissions,"1,446",20,510,3,45,868,12.2,49.3
60-69 ,wk 43-46,Admissions,"1,547",7,371,7,35,"1,127",19.6,67.3
70-79 ,wk 43-46,Admissions,"1,797",4,281,2,21,"1,489",31.5,111.3
80+ ,wk 43-46,Admissions,"1,630",4,196,2,39,"1,389",51.8,152.5
Under 18 ,wk 43-46,Death 28 days,9,1,8,0,0,0,0,0.1
18-29 ,wk 43-46,Death 28 days,13,0,9,0,2,2,0,0.3
30-39 ,wk 43-46,Death 28 days,44,1,28,0,4,11,0.2,1
40-49 ,wk 43-46,Death 28 days,104,3,51,0,4,46,0.7,3
50-59 ,wk 43-46,Death 28 days,250,5,108,0,11,126,1.8,10.4
60-69 ,wk 43-46,Death 28 days,555,3,154,0,18,380,6.6,27.9
70-79 ,wk 43-46,Death 28 days,1025,6,163,1,9,846,17.9,64.6
80+ ,wk 43-46,Death 28 days,"1,726",7,187,5,35,"1,492",55.6,145.5
Under 18 ,wk 43-46,Death 60 days,12,1,10,0,1,0,0,0.1
18-29 ,wk 43-46,Death 60 days,16,0,9,0,2,5,0.1,0.3
30-39 ,wk 43-46,Death 60 days,52,1,32,0,4,15,0.3,1.1
40-49 ,wk 43-46,Death 60 days,132,4,62,0,5,61,1,3.6
50-59 ,wk 43-46,Death 60 days,312,6,134,0,14,158,2.2,13
60-69 ,wk 43-46,Death 60 days,658,5,181,0,20,452,7.8,32.8
70-79 ,wk 43-46,Death 60 days,"1,195",7,175,1,16,996,21.1,69.3
80+ ,wk 43-46,Death 60 days,"2,054",7,207,6,47,"1,787",66.6,161
Under 18 ,wk 44-47,Cases,"321,062","19,608","259,874","14,327","26,299",954,502.7,"2,422.60"
18-29 ,wk 44-47,Cases,"92,077","8,975","28,565",752,"8,604","45,181",794.3,868.6
30-39 ,wk 44-47,Cases,"132,341","9,517","28,705",598,"7,203","86,318","1,439.80","1,000.10"
40-49 ,wk 44-47,Cases,"153,958","8,386","15,964",254,"3,830","125,524","2,026.60",937.5
50-59 ,wk 44-47,Cases,"115,113","5,584","7,335",122,"1,908","100,164","1,404.80",711.2
60-69 ,wk 44-47,Cases,"60,417","2,905","2,851",47,796,"53,818",933.3,518.3
70-79 ,wk 44-47,Cases,"21,911","1,306","1,059",11,205,"19,330",409,421.6
80+ ,wk 44-47,Cases,"8,388",555,559,18,141,"7,115",265.5,437.3
Under 18 ,wk 44-47,Admissions,385,14,351,12,7,1,0.5,3.3
18-29 ,wk 44-47,Admissions,306,3,209,5,14,75,1.3,6.4
30-39 ,wk 44-47,Admissions,577,4,351,4,44,174,2.9,12.2
40-49 ,wk 44-47,Admissions,753,11,367,2,35,338,5.5,21.6
50-59 ,wk 44-47,Admissions,"1,115",12,408,3,30,662,9.3,39.6
60-69 ,wk 44-47,Admissions,"1,104",3,283,4,23,791,13.7,51.5
70-79 ,wk 44-47,Admissions,"1,234",3,223,2,17,989,20.9,88.8
80+ ,wk 44-47,Admissions,"1,165",3,163,1,30,968,36.1,127.5
Under 18 ,wk 44-47,Death 28 days,8,1,7,0,0,0,0,0.1
18-29 ,wk 44-47,Death 28 days,13,0,8,0,3,2,0,0.2
30-39 ,wk 44-47,Death 28 days,35,2,24,0,3,6,0.1,0.8
40-49 ,wk 44-47,Death 28 days,100,3,50,0,3,44,0.7,2.9
50-59 ,wk 44-47,Death 28 days,264,5,107,0,12,140,2,10.4
60-69 ,wk 44-47,Death 28 days,531,4,146,0,19,362,6.3,26.5
70-79 ,wk 44-47,Death 28 days,1002,6,164,1,13,818,17.3,65.3
80+ ,wk 44-47,Death 28 days,"1,618",9,189,5,37,"1,378",51.4,147.8
Under 18 ,wk 44-47,Death 60 days,8,1,7,0,0,0,0,0.1
18-29 ,wk 44-47,Death 60 days,16,0,8,0,3,5,0.1,0.2
30-39 ,wk 44-47,Death 60 days,45,2,29,0,3,11,0.2,1
40-49 ,wk 44-47,Death 60 days,129,4,60,0,4,61,1,3.5
50-59 ,wk 44-47,Death 60 days,325,6,133,0,15,171,2.4,12.9
60-69 ,wk 44-47,Death 60 days,649,6,171,0,22,450,7.8,31.1
70-79 ,wk 44-47,Death 60 days,"1,172",8,177,1,19,967,20.5,70.5
80+ ,wk 44-47,Death 60 days,"1,978",9,209,5,54,"1,701",63.5,163.5
Under 18 ,wk 45-48,Cases,"368,450","22,416","297,350","14,218","33,326","1,140",549.7,"2,795.70"
18-29 ,wk 45-48,Cases,"103,160","10,039","31,204",784,"9,133","52,000",906.3,952.6
30-39 ,wk 45-48,Cases,"148,591","10,694","31,237",674,"7,775","98,211","1,629.70","1,092.80"
40-49 ,wk 45-48,Cases,"172,297","9,122","17,551",299,"4,130","141,195","2,273.60","1,034.00"
50-59 ,wk 45-48,Cases,"121,940","5,853","8,028",127,"2,049","105,883","1,482.40",780.9
60-69 ,wk 45-48,Cases,"57,170","2,953","3,037",56,845,"50,279",870.9,554.1
70-79 ,wk 45-48,Cases,"17,816","1,166","1,103",12,209,"15,326",324.1,441.3
80+ ,wk 45-48,Cases,"7,898",592,586,16,133,"6,571",245.4,461
Under 18 ,wk 45-48,Admissions,581,25,511,16,20,9,4.3,4.8
18-29 ,wk 45-48,Admissions,422,9,257,5,28,123,2.1,7.8
30-39 ,wk 45-48,Admissions,798,15,474,10,55,244,4,16.6
40-49 ,wk 45-48,Admissions,"1,025",11,494,5,43,472,7.6,29.1
50-59 ,wk 45-48,Admissions,"1,352",19,526,6,40,761,10.7,51.2
60-69 ,wk 45-48,Admissions,"1,352",9,422,6,38,877,15.2,77
70-79 ,wk 45-48,Admissions,"1,308",3,295,2,32,976,20.6,118
80+ ,wk 45-48,Admissions,"1,318",3,208,4,30,"1,073",40.1,163.6
Under 18 ,wk 45-48,Death 28 days,4,0,4,0,0,0,0,0
18-29 ,wk 45-48,Death 28 days,13,0,9,0,2,2,0,0.3
30-39 ,wk 45-48,Death 28 days,42,1,31,0,2,8,0.1,1.1
40-49 ,wk 45-48,Death 28 days,100,3,45,0,3,49,0.8,2.7
50-59 ,wk 45-48,Death 28 days,255,5,113,1,8,128,1.8,11
60-69 ,wk 45-48,Death 28 days,492,3,138,0,16,335,5.8,25.2
70-79 ,wk 45-48,Death 28 days,902,6,168,1,18,709,15,67.2
80+ ,wk 45-48,Death 28 days,"1,502",12,200,6,35,"1,249",46.6,157.3
Under 18 ,wk 45-48,Death 60 days,4,0,4,0,0,0,0,0
18-29 ,wk 45-48,Death 60 days,16,0,11,0,2,3,0.1,0.3
30-39 ,wk 45-48,Death 60 days,54,1,37,0,2,14,0.2,1.3
40-49 ,wk 45-48,Death 60 days,135,4,59,0,4,68,1.1,3.5
50-59 ,wk 45-48,Death 60 days,316,6,140,1,10,159,2.2,13.6
60-69 ,wk 45-48,Death 60 days,619,5,163,0,20,431,7.5,29.7
70-79 ,wk 45-48,Death 60 days,"1,097",8,182,1,27,879,18.6,72.8
80+ ,wk 45-48,Death 60 days,"1,895",12,220,6,48,"1,609",60.1,173.1
Under 18 ,wk 46-49,Cases,"388,357","23,947","312,994","11,724","38,380","1,312",503.9,"2,960.40"
18-29 ,wk 46-49,Cases,"133,101","13,147","36,733",982,"10,529","71,710","1,240.20","1,126.00"
30-39 ,wk 46-49,Cases,"173,537","12,671","34,938",745,"8,613","116,570","1,925.70","1,227.00"
40-49 ,wk 46-49,Cases,"189,245","10,177","19,231",352,"4,438","155,047","2,491.00","1,136.60"
50-59 ,wk 46-49,Cases,"125,434","6,149","8,661",149,"2,141","108,334","1,514.00",844.9
60-69 ,wk 46-49,Cases,"53,006","2,966","3,259",59,876,"45,846",793,596.4
70-79 ,wk 46-49,Cases,"15,742","1,099","1,152",13,232,"13,246",280.1,463.1
80+ ,wk 46-49,Cases,"7,661",570,638,14,131,"6,308",235.9,505
Under 18 ,wk 46-49,Admissions,634,21,567,8,29,9,3.5,5.4
18-29 ,wk 46-49,Admissions,438,13,274,3,31,117,2,8.4
30-39 ,wk 46-49,Admissions,880,14,539,10,47,270,4.5,18.9
40-49 ,wk 46-49,Admissions,"1,130",15,561,5,43,506,8.1,33.2
50-59 ,wk 46-49,Admissions,"1,387",21,586,4,40,736,10.3,57.2
60-69 ,wk 46-49,Admissions,"1,315",8,462,6,45,794,13.7,84.5
70-79 ,wk 46-49,Admissions,"1,206",5,315,3,44,839,17.7,126.6
80+ ,wk 46-49,Admissions,"1,245",4,228,4,24,985,36.8,180.5
Under 18 ,wk 46-49,Death 28 days,4,0,3,0,0,1,0.4,0
18-29 ,wk 46-49,Death 28 days,13,0,9,0,1,3,0.1,0.3
30-39 ,wk 46-49,Death 28 days,46,0,37,0,1,8,0.1,1.3
40-49 ,wk 46-49,Death 28 days,104,3,51,0,4,46,0.7,3
50-59 ,wk 46-49,Death 28 days,243,5,108,1,8,121,1.7,10.5
60-69 ,wk 46-49,Death 28 days,457,4,127,0,12,314,5.4,23.2
70-79 ,wk 46-49,Death 28 days,798,5,167,1,17,608,12.9,67.1
80+ ,wk 46-49,Death 28 days,"1,422",11,216,4,33,"1,158",43.3,171
Under 18 ,wk 46-49,Death 60 days,5,0,4,0,0,1,0.4,0
18-29 ,wk 46-49,Death 60 days,16,0,11,0,1,4,0.1,0.3
30-39 ,wk 46-49,Death 60 days,58,0,43,0,1,14,0.2,1.5
40-49 ,wk 46-49,Death 60 days,142,4,68,0,5,65,1,4
50-59 ,wk 46-49,Death 60 days,310,6,132,1,11,160,2.2,12.9
60-69 ,wk 46-49,Death 60 days,590,6,148,0,17,419,7.2,27.1
70-79 ,wk 46-49,Death 60 days,"1,005",7,180,1,24,793,16.8,72.4
80+ ,wk 46-49,Death 60 days,"1,832",11,234,4,45,"1,538",57.5,185.2
Under 18 ,wk 47-50,Cases,"395,335","25,523","312,528","8,990","46,126","2,168",635.5,"2,973.90"
18-29 ,wk 47-50,Cases,"257,526","23,829","51,992","1,693","16,198","163,814","2,809.10","1,603.50"
30-39 ,wk 47-50,Cases,"254,435","18,013","42,799","1,112","10,911","181,600","2,985.10","1,510.30"
40-49 ,wk 47-50,Cases,"230,670","12,518","22,244",471,"5,117","190,320","3,049.90","1,320.10"
50-59 ,wk 47-50,Cases,"147,033","7,548","10,045",203,"2,425","126,812","1,768.90",983.7
60-69 ,wk 47-50,Cases,"58,233","3,449","3,747",91,948,"49,998",863.5,688.4
70-79 ,wk 47-50,Cases,"18,858","1,327","1,268",27,246,"15,990",338.2,512.6
80+ ,wk 47-50,Cases,"9,067",695,714,16,160,"7,482",280.3,568.5
Under 18 ,wk 47-50,Admissions,648,21,578,8,34,7,2.1,5.5
18-29 ,wk 47-50,Admissions,492,14,272,3,37,166,2.8,8.4
30-39 ,wk 47-50,Admissions,915,18,555,9,46,287,4.7,19.6
40-49 ,wk 47-50,Admissions,"1,128",10,580,9,38,491,7.9,34.4
50-59 ,wk 47-50,Admissions,"1,378",19,619,4,49,687,9.6,60.6
60-69 ,wk 47-50,Admissions,"1,284",19,499,6,47,713,12.3,91.7
70-79 ,wk 47-50,Admissions,"1,123",6,329,1,42,745,15.8,133
80+ ,wk 47-50,Admissions,"1,222",2,261,3,25,931,34.9,207.8
Under 18 ,wk 47-50,Death 28 days,4,0,3,0,0,1,0.3,0
18-29 ,wk 47-50,Death 28 days,14,0,9,0,1,4,0.1,0.3
30-39 ,wk 47-50,Death 28 days,53,0,43,0,1,9,0.1,1.5
40-49 ,wk 47-50,Death 28 days,113,3,60,0,4,46,0.7,3.6
50-59 ,wk 47-50,Death 28 days,244,5,116,1,10,112,1.6,11.4
60-69 ,wk 47-50,Death 28 days,453,5,141,0,9,298,5.1,25.9
70-79 ,wk 47-50,Death 28 days,725,8,169,1,22,525,11.1,68.3
80+ ,wk 47-50,Death 28 days,"1,350",13,241,4,37,"1,055",39.5,191.9
Under 18 ,wk 47-50,Death 60 days,5,0,4,0,0,1,0.3,0
18-29 ,wk 47-50,Death 60 days,16,0,11,0,1,4,0.1,0.3
30-39 ,wk 47-50,Death 60 days,67,0,50,0,1,16,0.3,1.8
40-49 ,wk 47-50,Death 60 days,150,3,78,0,4,65,1,4.6
50-59 ,wk 47-50,Death 60 days,314,5,139,1,13,156,2.2,13.6
60-69 ,wk 47-50,Death 60 days,585,6,161,0,15,403,7,29.6
70-79 ,wk 47-50,Death 60 days,951,9,186,1,31,724,15.3,75.2
80+ ,wk 47-50,Death 60 days,"1,750",13,260,4,46,"1,427",53.5,207
